{"RuleTriggered": 0, "Violations": 384, "Details": {"low_gpu_utilization": 1067, "bottlenecks": {"1736512863.504231": {"GPUs": 1, "CPUs": 3}, "1736512864.00411": {"GPUs": 1, "CPUs": 2}, "1736512864.505612": {"GPUs": 1, "CPUs": 3}, "1736512865.003726": {"GPUs": 1, "CPUs": 4}, "1736512865.503773": {"GPUs": 1, "CPUs": 4}, "1736512866.006744": {"GPUs": 1, "CPUs": 4}, "1736512866.503645": {"GPUs": 1, "CPUs": 4}, "1736512867.006474": {"GPUs": 1, "CPUs": 4}, "1736512867.504172": {"GPUs": 1, "CPUs": 4}, "1736512868.004434": {"GPUs": 1, "CPUs": 4}, "1736512868.504475": {"GPUs": 1, "CPUs": 4}, "1736512869.006673": {"GPUs": 1, "CPUs": 4}, "1736512869.504433": {"GPUs": 1, "CPUs": 2}, "1736512870.003759": {"GPUs": 1, "CPUs": 1}, "1736512870.508078": {"GPUs": 1, "CPUs": 4}, "1736512871.007056": {"GPUs": 1, "CPUs": 1}, "1736512871.511677": {"GPUs": 1, "CPUs": 4}, "1736512872.006173": {"GPUs": 1, "CPUs": 4}, "1736512872.503778": {"GPUs": 1, "CPUs": 3}, "1736512873.00443": {"GPUs": 1, "CPUs": 2}, "1736512873.504852": {"GPUs": 1, "CPUs": 4}, "1736512874.003774": {"GPUs": 1, "CPUs": 4}, "1736512874.506031": {"GPUs": 1, "CPUs": 4}, "1736512875.006184": {"GPUs": 1, "CPUs": 3}, "1736512875.504481": {"GPUs": 1, "CPUs": 3}, "1736512876.006668": {"GPUs": 1, "CPUs": 4}, "1736512876.504736": {"GPUs": 1, "CPUs": 4}, "1736512877.004548": {"GPUs": 1, "CPUs": 4}, "1736512877.504424": {"GPUs": 1, "CPUs": 4}, "1736512878.004465": {"GPUs": 1, "CPUs": 4}, "1736512878.504475": {"GPUs": 1, "CPUs": 4}, "1736512879.004225": {"GPUs": 1, "CPUs": 4}, "1736512879.508446": {"GPUs": 1, "CPUs": 4}, "1736512880.003715": {"GPUs": 1, "CPUs": 4}, "1736512880.504493": {"GPUs": 1, "CPUs": 4}, "1736512881.004773": {"GPUs": 1, "CPUs": 2}, "1736512881.504148": {"GPUs": 1, "CPUs": 4}, "1736512882.005659": {"GPUs": 1, "CPUs": 2}, "1736512882.504433": {"GPUs": 1, "CPUs": 4}, "1736512883.003771": {"GPUs": 1, "CPUs": 4}, "1736512883.504638": {"GPUs": 1, "CPUs": 2}, "1736512884.005514": {"GPUs": 1, "CPUs": 1}, "1736512884.5067": {"GPUs": 1, "CPUs": 3}, "1736512885.00364": {"GPUs": 1, "CPUs": 4}, "1736512885.504546": {"GPUs": 1, "CPUs": 2}, "1736512886.504475": {"GPUs": 1, "CPUs": 3}, "1736512887.003733": {"GPUs": 1, "CPUs": 2}, "1736512887.504502": {"GPUs": 1, "CPUs": 1}, "1736512888.003777": {"GPUs": 1, "CPUs": 1}, "1736512889.004942": {"GPUs": 1, "CPUs": 1}, "1736512890.004981": {"GPUs": 1, "CPUs": 2}, "1736512890.50465": {"GPUs": 1, "CPUs": 2}, "1736512891.004158": {"GPUs": 1, "CPUs": 3}, "1736512891.504457": {"GPUs": 1, "CPUs": 1}, "1736512892.004563": {"GPUs": 1, "CPUs": 2}, "1736512892.504218": {"GPUs": 1, "CPUs": 1}, "1736512893.004065": {"GPUs": 1, "CPUs": 3}, "1736512893.504315": {"GPUs": 1, "CPUs": 2}, "1736512894.00391": {"GPUs": 1, "CPUs": 3}, "1736512894.504057": {"GPUs": 1, "CPUs": 4}, "1736512896.003856": {"GPUs": 1, "CPUs": 1}, "1736512896.503909": {"GPUs": 1, "CPUs": 1}, "1736512898.00373": {"GPUs": 1, "CPUs": 2}, "1736512898.50533": {"GPUs": 1, "CPUs": 2}, "1736512901.004143": {"GPUs": 1, "CPUs": 1}, "1736512901.503816": {"GPUs": 1, "CPUs": 2}, "1736512902.004437": {"GPUs": 1, "CPUs": 1}, "1736512903.003664": {"GPUs": 1, "CPUs": 1}, "1736512903.504054": {"GPUs": 1, "CPUs": 1}, "1736512904.004678": {"GPUs": 1, "CPUs": 1}, "1736512904.50368": {"GPUs": 1, "CPUs": 1}, "1736512905.003824": {"GPUs": 1, "CPUs": 1}, "1736512907.504503": {"GPUs": 1, "CPUs": 1}, "1736512909.50447": {"GPUs": 1, "CPUs": 1}, "1736512910.003768": {"GPUs": 1, "CPUs": 4}, "1736512912.506529": {"GPUs": 1, "CPUs": 1}, "1736512913.007059": {"GPUs": 1, "CPUs": 1}, "1736512913.506843": {"GPUs": 1, "CPUs": 1}, "1736512914.504456": {"GPUs": 1, "CPUs": 1}, "1736512915.504306": {"GPUs": 1, "CPUs": 1}, "1736512920.004474": {"GPUs": 1, "CPUs": 1}, "1736512920.504267": {"GPUs": 1, "CPUs": 1}, "1736512921.004506": {"GPUs": 1, "CPUs": 1}, "1736512922.003654": {"GPUs": 1, "CPUs": 1}, "1736512922.503853": {"GPUs": 1, "CPUs": 1}, "1736512923.004638": {"GPUs": 1, "CPUs": 1}, "1736512927.503726": {"GPUs": 1, "CPUs": 1}, "1736512928.004334": {"GPUs": 1, "CPUs": 1}, "1736512932.504009": {"GPUs": 1, "CPUs": 1}, "1736512933.504292": {"GPUs": 1, "CPUs": 1}, "1736512957.003795": {"GPUs": 1, "CPUs": 1}, "1736513010.004345": {"GPUs": 1, "CPUs": 1}, "1736513028.504698": {"GPUs": 1, "CPUs": 1}, "1736513033.003707": {"GPUs": 1, "CPUs": 1}, "1736513038.504071": {"GPUs": 1, "CPUs": 1}, "1736513043.503741": {"GPUs": 1, "CPUs": 1}, "1736513044.504609": {"GPUs": 1, "CPUs": 1}, "1736513066.504129": {"GPUs": 1, "CPUs": 1}, "1736513068.004563": {"GPUs": 1, "CPUs": 1}, "1736513070.003714": {"GPUs": 1, "CPUs": 1}, "1736513075.004625": {"GPUs": 1, "CPUs": 1}, "1736513104.504611": {"GPUs": 1, "CPUs": 1}, "1736513169.504158": {"GPUs": 1, "CPUs": 1}, "1736513170.004274": {"GPUs": 1, "CPUs": 1}, "1736513184.004313": {"GPUs": 1, "CPUs": 1}, "1736513196.003991": {"GPUs": 1, "CPUs": 1}, "1736513197.50393": {"GPUs": 1, "CPUs": 1}, "1736513200.004447": {"GPUs": 1, "CPUs": 1}, "1736513200.504203": {"GPUs": 1, "CPUs": 1}, "1736513201.004649": {"GPUs": 1, "CPUs": 1}, "1736513201.503851": {"GPUs": 1, "CPUs": 1}, "1736513202.00406": {"GPUs": 1, "CPUs": 1}, "1736513202.504449": {"GPUs": 1, "CPUs": 1}, "1736513203.504024": {"GPUs": 1, "CPUs": 1}, "1736513204.504686": {"GPUs": 1, "CPUs": 1}, "1736513205.00411": {"GPUs": 1, "CPUs": 1}, "1736513206.00418": {"GPUs": 1, "CPUs": 1}, "1736513206.504543": {"GPUs": 1, "CPUs": 1}, "1736513207.003722": {"GPUs": 1, "CPUs": 1}, "1736513209.004302": {"GPUs": 1, "CPUs": 1}, "1736513211.004435": {"GPUs": 1, "CPUs": 1}, "1736513211.504646": {"GPUs": 1, "CPUs": 1}, "1736513217.00455": {"GPUs": 1, "CPUs": 1}, "1736513219.004805": {"GPUs": 1, "CPUs": 3}, "1736513220.004469": {"GPUs": 1, "CPUs": 4}, "1736513220.504645": {"GPUs": 1, "CPUs": 1}, "1736513221.504701": {"GPUs": 1, "CPUs": 1}, "1736513222.504543": {"GPUs": 1, "CPUs": 1}, "1736513223.504245": {"GPUs": 1, "CPUs": 1}, "1736513224.503904": {"GPUs": 1, "CPUs": 1}, "1736513225.504244": {"GPUs": 1, "CPUs": 1}, "1736513228.004094": {"GPUs": 1, "CPUs": 1}, "1736513231.00407": {"GPUs": 1, "CPUs": 1}, "1736513232.004586": {"GPUs": 1, "CPUs": 1}, "1736513233.004448": {"GPUs": 1, "CPUs": 1}, "1736513234.004143": {"GPUs": 1, "CPUs": 1}, "1736513235.004526": {"GPUs": 1, "CPUs": 2}, "1736513236.004281": {"GPUs": 1, "CPUs": 1}, "1736513237.504348": {"GPUs": 1, "CPUs": 1}, "1736513241.003726": {"GPUs": 1, "CPUs": 1}, "1736513242.003766": {"GPUs": 1, "CPUs": 1}, "1736513244.504113": {"GPUs": 1, "CPUs": 1}, "1736513245.504238": {"GPUs": 1, "CPUs": 1}, "1736513247.504108": {"GPUs": 1, "CPUs": 1}, "1736513249.004086": {"GPUs": 1, "CPUs": 1}, "1736513250.003957": {"GPUs": 1, "CPUs": 1}, "1736513251.504732": {"GPUs": 1, "CPUs": 1}, "1736513252.503756": {"GPUs": 1, "CPUs": 1}, "1736513253.504006": {"GPUs": 1, "CPUs": 1}, "1736513255.004039": {"GPUs": 1, "CPUs": 1}, "1736513261.004401": {"GPUs": 1, "CPUs": 1}, "1736513263.503983": {"GPUs": 1, "CPUs": 1}, "1736513267.004283": {"GPUs": 1, "CPUs": 1}, "1736513270.503702": {"GPUs": 1, "CPUs": 1}, "1736513273.50403": {"GPUs": 1, "CPUs": 1}, "1736513276.003871": {"GPUs": 1, "CPUs": 1}, "1736513278.504419": {"GPUs": 1, "CPUs": 1}, "1736513280.504344": {"GPUs": 1, "CPUs": 1}, "1736513284.004196": {"GPUs": 1, "CPUs": 1}, "1736513285.503711": {"GPUs": 1, "CPUs": 1}, "1736513286.503807": {"GPUs": 1, "CPUs": 1}, "1736513288.004297": {"GPUs": 1, "CPUs": 1}, "1736513291.004527": {"GPUs": 1, "CPUs": 1}, "1736513292.003893": {"GPUs": 1, "CPUs": 1}, "1736513293.004553": {"GPUs": 1, "CPUs": 1}, "1736513294.504699": {"GPUs": 1, "CPUs": 1}, "1736513296.004069": {"GPUs": 1, "CPUs": 1}, "1736513297.003777": {"GPUs": 1, "CPUs": 1}, "1736513298.004205": {"GPUs": 1, "CPUs": 1}, "1736513299.00428": {"GPUs": 1, "CPUs": 1}, "1736513301.504246": {"GPUs": 1, "CPUs": 1}, "1736513304.004658": {"GPUs": 1, "CPUs": 1}, "1736513308.00431": {"GPUs": 1, "CPUs": 1}, "1736513309.004146": {"GPUs": 1, "CPUs": 1}, "1736513310.004711": {"GPUs": 1, "CPUs": 1}, "1736513311.004131": {"GPUs": 1, "CPUs": 1},