{"RuleTriggered": 1, "Violations": 1, "Details": {"pin_memory": false, "num_workers": 0, "cores": 4, "dataloaders": 1, "dataloading_time": {"p25": 0.5842, "p50": 0.666945, "p95": 0.7560150000000001, "probs": [1, 0, 1, 0, 0, 0, 0, 0, 0, 0, 1, 1, 0, 0, 0, 0, 1, 0, 0, 0, 0, 0, 0, 0, 0, 0, 0, 0, 0, 0, 0, 0, 0, 0, 0, 0, 0, 0, 0, 0, 0, 0, 0, 0, 0, 0, 0, 0, 0, 0, 1, 0, 0, 0, 0, 0, 0, 0, 0, 0, 0, 0, 0, 0, 0, 0, 0, 1, 0, 0, 0, 2, 0, 0, 0, 0, 0, 0, 0, 0, 0, 0, 0, 0, 0, 1, 0, 0, 0, 0, 0, 0, 0, 0, 0, 0, 0, 0, 0, 1], "binedges": [0.560624, 0.56273248, 0.5648409600000001, 0.56694944, 0.56905792, 0.5711664, 0.57327488, 0.57538336, 0.57749184, 0.5796003200000001, 0.5817088, 0.58381728, 0.58592576, 0.58803424, 0.59014272, 0.5922512, 0.5943596800000001, 0.59646816, 0.59857664, 0.6006851200000001, 0.6027936, 0.60490208, 0.60701056, 0.6091190400000001, 0.61122752, 0.613336, 0.6154444800000001, 0.61755296, 0.61966144, 0.62176992, 0.6238784, 0.62598688, 0.62809536, 0.6302038400000001, 0.63231232, 0.6344208, 0.63652928, 0.63863776, 0.64074624, 0.64285472, 0.6449632000000001, 0.64707168, 0.64918016, 0.65128864, 0.65339712, 0.6555056, 0.65761408, 0.6597225600000001, 0.66183104, 0.66393952, 0.666048, 0.66815648, 0.67026496, 0.67237344, 0.6744819200000001, 0.6765904, 0.67869888, 0.68080736, 0.68291584, 0.68502432, 0.6871328, 0.6892412800000001, 0.69134976, 0.69345824, 0.69556672, 0.6976752, 0.69978368, 0.70189216, 0.7040006400000001, 0.70610912, 0.7082176, 0.71032608, 0.71243456, 0.71454304, 0.7166515200000001, 0.7187600000000001, 0.72086848, 0.72297696, 0.72508544, 0.72719392, 0.7293024, 0.7314108800000001, 0.7335193600000001, 0.73562784, 0.73773632, 0.7398448, 0.74195328, 0.74406176, 0.7461702400000001, 0.7482787200000001, 0.7503872, 0.75249568, 0.75460416, 0.75671264, 0.75882112, 0.7609296000000001, 0.7630380800000001, 0.76514656, 0.76725504, 0.76936352, 0.771472]}}, "Datapoints": 11, "RuleParameters": "min_threshold:70\nmax_threshold:200"}