{"RuleTriggered": 0, "Violations": 95, "Details": {"low_gpu_utilization": 1067, "bottlenecks": {"1736512923.503925": {"GPUs": 1, "CPUs": 1}, "1736512924.004192": {"GPUs": 1, "CPUs": 1}, "1736512924.503858": {"GPUs": 1, "CPUs": 2}, "1736512925.003783": {"GPUs": 1, "CPUs": 3}, "1736512925.503747": {"GPUs": 1, "CPUs": 1}, "1736512926.003875": {"GPUs": 1, "CPUs": 2}, "1736512926.504576": {"GPUs": 1, "CPUs": 1}, "1736512927.003639": {"GPUs": 1, "CPUs": 1}, "1736512927.503726": {"GPUs": 1, "CPUs": 2}, "1736512928.004334": {"GPUs": 1, "CPUs": 1}, "1736512928.504661": {"GPUs": 1, "CPUs": 1}, "1736512929.004649": {"GPUs": 1, "CPUs": 2}, "1736512929.504445": {"GPUs": 1, "CPUs": 2}, "1736512930.003999": {"GPUs": 1, "CPUs": 1}, "1736512930.503953": {"GPUs": 1, "CPUs": 2}, "1736512931.003675": {"GPUs": 1, "CPUs": 1}, "1736512931.504683": {"GPUs": 1, "CPUs": 2}, "1736512932.003758": {"GPUs": 1, "CPUs": 1}, "1736512932.504009": {"GPUs": 1, "CPUs": 1}, "1736512933.003864": {"GPUs": 1, "CPUs": 1}, "1736512933.504292": {"GPUs": 1, "CPUs": 1}, "1736512934.004262": {"GPUs": 1, "CPUs": 1}, "1736512934.504614": {"GPUs": 1, "CPUs": 1}, "1736512936.004183": {"GPUs": 1, "CPUs": 1}, "1736512938.504137": {"GPUs": 1, "CPUs": 1}, "1736512939.504271": {"GPUs": 1, "CPUs": 1}, "1736512941.503885": {"GPUs": 1, "CPUs": 1}, "1736512955.503705": {"GPUs": 1, "CPUs": 1}, "1736512956.004517": {"GPUs": 1, "CPUs": 1}, "1736512956.50471": {"GPUs": 1, "CPUs": 1}, "1736512957.003795": {"GPUs": 1, "CPUs": 1}, "1736513099.504324": {"GPUs": 1, "CPUs": 1}, "1736513104.504611": {"GPUs": 1, "CPUs": 1}, "1736513159.003823": {"GPUs": 1, "CPUs": 1}, "1736513167.0047": {"GPUs": 1, "CPUs": 2}, "1736513167.50408": {"GPUs": 1, "CPUs": 1}, "1736513168.004612": {"GPUs": 1, "CPUs": 1}, "1736513168.50466": {"GPUs": 1, "CPUs": 1}, "1736513178.504438": {"GPUs": 1, "CPUs": 1}, "1736513181.004659": {"GPUs": 1, "CPUs": 1}, "1736513181.503635": {"GPUs": 1, "CPUs": 1}, "1736513182.004596": {"GPUs": 1, "CPUs": 1}, "1736513184.004313": {"GPUs": 1, "CPUs": 1}, "1736513184.504438": {"GPUs": 1, "CPUs": 1}, "1736513185.004243": {"GPUs": 1, "CPUs": 1}, "1736513185.504067": {"GPUs": 1, "CPUs": 1}, "1736513186.004425": {"GPUs": 1, "CPUs": 1}, "1736513186.50424": {"GPUs": 1, "CPUs": 1}, "1736513187.004351": {"GPUs": 1, "CPUs": 1}, "1736513188.004356": {"GPUs": 1, "CPUs": 1}, "1736513188.50454": {"GPUs": 1, "CPUs": 1}, "1736513189.004689": {"GPUs": 1, "CPUs": 1}, "1736513189.503733": {"GPUs": 1, "CPUs": 1}, "1736513190.003847": {"GPUs": 1, "CPUs": 1}, "1736513190.503976": {"GPUs": 1, "CPUs": 1}, "1736513191.004219": {"GPUs": 1, "CPUs": 1}, "1736513191.504575": {"GPUs": 1, "CPUs": 1}, "1736513192.503652": {"GPUs": 1, "CPUs": 1}, "1736513193.003661": {"GPUs": 1, "CPUs": 1}, "1736513195.503883": {"GPUs": 1, "CPUs": 1}, "1736513196.003991": {"GPUs": 1, "CPUs": 1}, "1736513196.504006": {"GPUs": 1, "CPUs": 1}, "1736513197.003941": {"GPUs": 1, "CPUs": 1}, "1736513197.50393": {"GPUs": 1, "CPUs": 1}, "1736513198.00396": {"GPUs": 1, "CPUs": 1}, "1736513203.504024": {"GPUs": 1, "CPUs": 1}, "1736513214.004282": {"GPUs": 1, "CPUs": 1}, "1736513214.504614": {"GPUs": 1, "CPUs": 1}, "1736513215.004328": {"GPUs": 1, "CPUs": 1}, "1736513215.503651": {"GPUs": 1, "CPUs": 1}, "1736513220.504645": {"GPUs": 1, "CPUs": 1}, "1736513224.503904": {"GPUs": 1, "CPUs": 1}, "1736513228.004094": {"GPUs": 1, "CPUs": 1}, "1736513230.004727": {"GPUs": 1, "CPUs": 1}, "1736513232.004586": {"GPUs": 1, "CPUs": 1}, "1736513234.004143": {"GPUs": 1, "CPUs": 1}, "1736513235.004526": {"GPUs": 1, "CPUs": 1}, "1736513236.004281": {"GPUs": 1, "CPUs": 1}, "1736513237.504348": {"GPUs": 1, "CPUs": 1}, "1736513239.503767": {"GPUs": 1, "CPUs": 1}, "1736513343.004639": {"GPUs": 1, "CPUs": 1}, "1736513344.503953": {"GPUs": 1, "CPUs": 1}, "1736513346.503654": {"GPUs": 1, "CPUs": 1}, "1736513347.503673": {"GPUs": 1, "CPUs": 1}, "1736513348.504455": {"GPUs": 1, "CPUs": 1}, "1736513350.504344": {"GPUs": 1, "CPUs": 1}, "1736513352.004489": {"GPUs": 1, "CPUs": 1}, "1736513353.50456": {"GPUs": 1, "CPUs": 1}, "1736513355.503675": {"GPUs": 1, "CPUs": 1}, "1736513358.004314": {"GPUs": 1, "CPUs": 1}, "1736513362.004171": {"GPUs": 1, "CPUs": 1}, "1736513362.504636": {"GPUs": 1, "CPUs": 1}, "1736513364.004376": {"GPUs": 1, "CPUs": 1}, "1736513365.004445": {"GPUs": 1, "CPUs": 1}, "1736513366.504217": {"GPUs": 1, "CPUs": 1}}}, "Datapoints": 1564, "RuleParameters": "threshold:50\nio_threshold:50\ngpu_threshold:10\npatience:1000"}