{"RuleTriggered": 0, "Violations": 0, "Details": {"step_num": {"first": 1736513205970635, "last": 1736513639831656}, "job_start": 1736512863.003691, "job_end": 1736513639.504714}, "Datapoints": 475, "RuleParameters": "threshold:20"}