{"RuleTriggered": 0, "Violations": 0, "Details": {"step_details": {"algo-1-33": {"step_stats": {"mean": 0.05641412142857142, "max": 10.595288, "p99": 0.09377171000000001, "p95": 0.035005449999999994, "p50": 0.028731, "min": 0.025238}, "number_of_outliers": 1, "phase": "Step:ModeKeys.TRAIN", "stddev": 0.51, "probs": [1, 66, 100, 39, 18, 29, 25, 19, 19, 14, 41, 27, 2, 0, 0, 0, 1, 0, 0, 0, 0, 1, 0, 1, 0, 1, 0, 1, 1, 1, 0, 0, 0, 0, 0, 0, 1, 0, 0, 0, 0, 1, 0, 1, 0, 0, 0, 0, 0, 0, 0, 0, 0, 0, 0, 0, 0, 2, 0, 0, 0, 0, 0, 0, 0, 0, 0, 0, 0, 0, 0, 0, 0, 0, 0, 0, 1, 0, 0, 1, 0, 0, 0, 1, 1, 0, 0, 0, 0, 0, 0, 0, 0, 0, 1, 0, 1, 0, 0, 1], "binedges": [0.025238, 0.026049450000000002, 0.0268609, 0.027672350000000002, 0.0284838, 0.029295250000000002, 0.0301067, 0.030918150000000002, 0.031729600000000004, 0.03254105, 0.0333525, 0.03416395, 0.034975400000000004, 0.03578685, 0.0365983, 0.037409750000000005, 0.038221200000000004, 0.03903265, 0.0398441, 0.04065555, 0.041467000000000004, 0.04227845, 0.0430899, 0.043901350000000006, 0.044712800000000004, 0.04552425, 0.04633570000000001, 0.04714715, 0.047958600000000004, 0.04877005, 0.0495815, 0.050392950000000006, 0.051204400000000004, 0.05201585, 0.05282730000000001, 0.053638750000000006, 0.054450200000000004, 0.05526165000000001, 0.0560731, 0.056884550000000006, 0.05769600000000001, 0.05850745, 0.05931890000000001, 0.06013035, 0.060941800000000004, 0.06175325000000001, 0.0625647, 0.06337615, 0.06418760000000001, 0.06499905, 0.06581050000000001, 0.06662195000000001, 0.0674334, 0.06824485000000001, 0.0690563, 0.06986775, 0.07067920000000001, 0.07149065, 0.07230210000000001, 0.07311355000000001, 0.073925, 0.07473645000000001, 0.0755479, 0.07635935, 0.07717080000000001, 0.07798225, 0.07879370000000001, 0.07960515000000001, 0.0804166, 0.08122805000000001, 0.08203950000000002, 0.08285095, 0.08366240000000001, 0.08447385, 0.08528530000000001, 0.08609675000000001, 0.0869082, 0.08771965000000001, 0.0885311, 0.08934255, 0.09015400000000001, 0.09096545, 0.09177690000000001, 0.09258835000000001, 0.0933998, 0.09421125000000001, 0.0950227, 0.09583415, 0.09664560000000001, 0.09745705, 0.09826850000000001, 0.09907995000000001, 0.0998914, 0.10070285000000001, 0.1015143, 0.10232575000000001, 0.10313720000000001, 0.10394865, 0.10476010000000001, 0.10557155000000001, 0.106383], "step_numbers": ["0"]}}}, "Datapoints": 475, "RuleParameters": "threshold:3\nmode:None\nn_outliers:10\nstddev:3"}